{
  "meta": {
    "data_version": "1.0.0",
    "created": "2016-03-29",
    "revision": 2
  },
  "info": {
    "balls_per_over": 6,
    "city": "Delhi",
    "dates": [
      "2016-03-28"
    ],
    "event": {
      "group": 1,
      "match_number": 32,
      "name": "World T20",
      "stage": "Super 10"
    },
    "gender": "male",
    "match_type": "T20",
    "match_type_number": 554,
    "officials": {
      "match_referees": [
        "JJ Crowe"
      ],
      "reserve_umpires": [
        "CB Gaffaney"
      ],
      "tv_umpires": [
        "PR Reiffel"
      ],
      "umpires": [
        "S Ravi",
        "RJ Tucker"
      ]
    },
    "outcome": {
      "by": {
        "wickets": 8
      },
      "winner": "South Africa"
    },
    "overs": 20,
    "player_of_match": [
      "AM Phangiso"
    ],
    "players": {
      "South Africa": [
        "HM Amla",
        "Q de Kock",
        "F du Plessis",
        "AB de Villiers",
        "DA Miller",
        "F Behardien",
        "D Wiese",
        "DW Steyn",
        "KJ Abbott",
        "AM Phangiso",
        "Imran Tahir"
      ],
      "Sri Lanka": [
        "LD Chandimal",
        "TM Dilshan",
        "HDRL Thirimanne",
        "TAM Siriwardana",
        "GSNFG Jayasuriya",
        "CK Kapugedera",
        "NLTC Perera",
        "MD Shanaka",
        "HMRKB Herath",
        "JDF Vandersay",
        "RAS Lakmal"
      ]
    },
    "registry": {
      "people": {
        "AB de Villiers": "c4487b84",
        "AM Phangiso": "7f8ecc51",
        "CB Gaffaney": "d5ac41d8",
        "CK Kapugedera": "cfad138c",
        "D Wiese": "aa8d28ae",
        "DA Miller": "d67d5f00",
        "DW Steyn": "8fd1a8f5",
        "F Behardien": "dce2019b",
        "F du Plessis": "3355b542",
        "GSNFG Jayasuriya": "b58b7db6",
        "HDRL Thirimanne": "c5928dec",
        "HM Amla": "e798611a",
        "HMRKB Herath": "d2fcce2f",
        "Imran Tahir": "acee4cc4",
        "JDF Vandersay": "aceb7654",
        "JJ Crowe": "2e760301",
        "KJ Abbott": "a9da7784",
        "LD Chandimal": "8dd02a98",
        "MD Shanaka": "3ff033bb",
        "NLTC Perera": "0f12f9df",
        "PR Reiffel": "c9354f29",
        "Q de Kock": "372455c4",
        "RAS Lakmal": "2f28dc94",
        "RJ Tucker": "38810cfc",
        "S Ravi": "9b9ee0df",
        "TAM Siriwardana": "bf7842c9",
        "TM Dilshan": "5bdcdb72"
      }
    },
    "season": "2015/16",
    "team_type": "international",
    "teams": [
      "South Africa",
      "Sri Lanka"
    ],
    "toss": {
      "decision": "field",
      "winner": "South Africa"
    },
    "venue": "Feroz Shah Kotla"
  },
  "innings": [
    {
      "team": "Sri Lanka",
      "overs": [
        {
          "over": 0,
          "deliveries": [
            {
              "batter": "LD Chandimal",
              "bowler": "DW Steyn",
              "non_striker": "TM Dilshan",
              "runs": {
                "batter": 0,
                "extras": 0,
                "total": 0
              }
            },
            {
              "batter": "LD Chandimal",
              "bowler": "DW Steyn",
              "non_striker": "TM Dilshan",
              "runs": {
                "batter": 0,
                "extras": 0,
                "total": 0
              }
            },
            {
              "batter": "LD Chandimal",
              "bowler": "DW Steyn",
              "non_striker": "TM Dilshan",
              "runs": {
                "batter": 0,
                "extras": 0,
                "total": 0
              }
            },
            {
              "batter": "LD Chandimal",
              "bowler": "DW Steyn",
              "non_striker": "TM Dilshan",
              "runs": {
                "batter": 0,
                "extras": 0,
                "total": 0
              }
            },
            {
              "batter": "LD Chandimal",
              "bowler": "DW Steyn",
              "non_striker": "TM Dilshan",
              "runs": {
                "batter": 4,
                "extras": 0,
                "total": 4
              }
            },
            {
              "batter": "LD Chandimal",
              "bowler": "DW Steyn",
              "non_striker": "TM Dilshan",
              "runs": {
                "batter": 1,
                "extras": 0,
                "total": 1
              }
            }
          ]
        },
        {
          "over": 1,
          "deliveries": [
            {
              "batter": "LD Chandimal",
              "bowler": "KJ Abbott",
              "extras": {
                "noballs": 1
              },
              "non_striker": "TM Dilshan",
              "runs": {
                "batter": 0,
                "extras": 1,
                "total": 1
              }
            },
            {
              "batter": "LD Chandimal",
              "bowler": "KJ Abbott",
              "non_striker": "TM Dilshan",
              "runs": {
                "batter": 1,
                "extras": 0,
                "total": 1
              }
            },
            {
              "batter": "TM Dilshan",
              "bowler": "KJ Abbott",
              "extras": {
                "legbyes": 1
              },
              "non_striker": "LD Chandimal",
              "runs": {
                "batter": 0,
                "extras": 1,
                "total": 1
              }
            },
            {
              "batter": "LD Chandimal",
              "bowler": "KJ Abbott",
              "non_striker": "TM Dilshan",
              "runs": {
                "batter": 0,
                "extras": 0,
                "total": 0
              }
            },
            {
              "batter": "LD Chandimal",
              "bowler": "KJ Abbott",
              "non_striker": "TM Dilshan",
              "runs": {
                "batter": 2,
                "extras": 0,
                "total": 2
              }
            },
            {
              "batter": "LD Chandimal",
              "bowler": "KJ Abbott",
              "non_striker": "TM Dilshan",
              "runs": {
                "batter": 0,
                "extras": 0,
                "total": 0
              }
            },
            {
              "batter": "LD Chandimal",
              "bowler": "KJ Abbott",
              "extras": {
                "byes": 4
              },
              "non_striker": "TM Dilshan",
              "runs": {
                "batter": 0,
                "extras": 4,
                "total": 4
              }
            }
          ]
        },
        {
          "over": 2,
          "deliveries": [
            {
              "batter": "TM Dilshan",
              "bowler": "DW Steyn",
              "non_striker": "LD Chandimal",
              "runs": {
                "batter": 4,
                "extras": 0,
                "total": 4
              }
            },
            {
              "batter": "TM Dilshan",
              "bowler": "DW Steyn",
              "extras": {
                "legbyes": 1
              },
              "non_striker": "LD Chandimal",
              "runs": {
                "batter": 0,
                "extras": 1,
                "total": 1
              }
            },
            {
              "batter": "LD Chandimal",
              "bowler": "DW Steyn",
              "non_striker": "TM Dilshan",
              "runs": {
                "batter": 0,
                "extras": 0,
                "total": 0
              }
            },
            {
              "batter": "LD Chandimal",
              "bowler": "DW Steyn",
              "non_striker": "TM Dilshan",
              "runs": {
                "batter": 6,
                "extras": 0,
                "total": 6
              }
            },
            {
              "batter": "LD Chandimal",
              "bowler": "DW Steyn",
              "non_striker": "TM Dilshan",
              "runs": {
                "batter": 4,
                "extras": 0,
                "total": 4
              }
            },
            {
              "batter": "LD Chandimal",
              "bowler": "DW Steyn",
              "non_striker": "TM Dilshan",
              "runs": {
                "batter": 1,
                "extras": 0,
                "total": 1
              }
            }
          ]
        },
        {
          "over": 3,
          "deliveries": [
            {
              "batter": "LD Chandimal",
              "bowler": "KJ Abbott",
              "non_striker": "TM Dilshan",
              "runs": {
                "batter": 1,
                "extras": 0,
                "total": 1
              }
            },
            {
              "batter": "TM Dilshan",
              "bowler": "KJ Abbott",
              "non_striker": "LD Chandimal",
              "runs": {
                "batter": 0,
                "extras": 0,
                "total": 0
              }
            },
            {
              "batter": "TM Dilshan",
              "bowler": "KJ Abbott",
              "non_striker": "LD Chandimal",
              "runs": {
                "batter": 1,
                "extras": 0,
                "total": 1
              }
            },
            {
              "batter": "LD Chandimal",
              "bowler": "KJ Abbott",
              "non_striker": "TM Dilshan",
              "runs": {
                "batter": 1,
                "extras": 0,
                "total": 1
              }
            },
            {
              "batter": "TM Dilshan",
              "bowler": "KJ Abbott",
              "non_striker": "LD Chandimal",
              "runs": {
                "batter": 1,
                "extras": 0,
                "total": 1
              }
            },
            {
              "batter": "LD Chandimal",
              "bowler": "KJ Abbott",
              "non_striker": "TM Dilshan",
              "runs": {
                "batter": 0,
                "extras": 0,
                "total": 0
              }
            }
          ]
        },
        {
          "over": 4,
          "deliveries": [
            {
              "batter": "TM Dilshan",
              "bowler": "AM Phangiso",
              "non_striker": "LD Chandimal",
              "runs": {
                "batter": 4,
                "extras": 0,
                "total": 4
              }
            },
            {
              "batter": "TM Dilshan",
              "bowler": "AM Phangiso",
              "non_striker": "LD Chandimal",
              "runs": {
                "batter": 6,
                "extras": 0,
                "total": 6
              }
            },
            {
              "batter": "TM Dilshan",
              "bowler": "AM Phangiso",
              "non_striker": "LD Chandimal",
              "runs": {
                "batter": 0,
                "extras": 0,
                "total": 0
              }
            },
            {
              "batter": "TM Dilshan",
              "bowler": "AM Phangiso",
              "non_striker": "LD Chandimal",
              "runs": {
                "batter": 1,
                "extras": 0,
                "total": 1
              }
            },
            {
              "batter": "LD Chandimal",
              "bowler": "AM Phangiso",
              "non_striker": "TM Dilshan",
              "runs": {
                "batter": 0,
                "extras": 0,
                "total": 0
              },
              "wickets": [
                {
                  "kind": "bowled",
                  "player_out": "LD Chandimal"
                }
              ]
            },
            {
              "batter": "HDRL Thirimanne",
              "bowler": "AM Phangiso",
              "non_striker": "TM Dilshan",
              "runs": {
                "batter": 0,
                "extras": 0,
                "total": 0
              },
              "wickets": [
                {
                  "kind": "bowled",
                  "player_out": "HDRL Thirimanne"
                }
              ]
            }
          ]
        },
        {
          "over": 5,
          "deliveries": [
            {
              "batter": "TM Dilshan",
              "bowler": "Imran Tahir",
              "non_striker": "TAM Siriwardana",
              "runs": {
                "batter": 0,
                "extras": 0,
                "total": 0
              }
            },
            {
              "batter": "TM Dilshan",
              "bowler": "Imran Tahir",
              "non_striker": "TAM Siriwardana",
              "runs": {
                "batter": 0,
                "extras": 0,
                "total": 0
              }
            },
            {
              "batter": "TM Dilshan",
              "bowler": "Imran Tahir",
              "non_striker": "TAM Siriwardana",
              "runs": {
                "batter": 0,
                "extras": 0,
                "total": 0
              }
            },
            {
              "batter": "TM Dilshan",
              "bowler": "Imran Tahir",
              "non_striker": "TAM Siriwardana",
              "runs": {
                "batter": 0,
                "extras": 0,
                "total": 0
              }
            },
            {
              "batter": "TM Dilshan",
              "bowler": "Imran Tahir",
              "non_striker": "TAM Siriwardana",
              "runs": {
                "batter": 1,
                "extras": 0,
                "total": 1
              }
            },
            {
              "batter": "TAM Siriwardana",
              "bowler": "Imran Tahir",
              "non_striker": "TM Dilshan",
              "runs": {
                "batter": 1,
                "extras": 0,
                "total": 1
              }
            }
          ]
        },
        {
          "over": 6,
          "deliveries": [
            {
              "batter": "TAM Siriwardana",
              "bowler": "AM Phangiso",
              "non_striker": "TM Dilshan",
              "runs": {
                "batter": 1,
                "extras": 0,
                "total": 1
              }
            },
            {
              "batter": "TM Dilshan",
              "bowler": "AM Phangiso",
              "non_striker": "TAM Siriwardana",
              "runs": {
                "batter": 1,
                "extras": 0,
                "total": 1
              }
            },
            {
              "batter": "TAM Siriwardana",
              "bowler": "AM Phangiso",
              "non_striker": "TM Dilshan",
              "runs": {
                "batter": 1,
                "extras": 0,
                "total": 1
              }
            },
            {
              "batter": "TM Dilshan",
              "bowler": "AM Phangiso",
              "non_striker": "TAM Siriwardana",
              "runs": {
                "batter": 0,
                "extras": 0,
                "total": 0
              }
            },
            {
              "batter": "TM Dilshan",
              "bowler": "AM Phangiso",
              "non_striker": "TAM Siriwardana",
              "runs": {
                "batter": 4,
                "extras": 0,
                "total": 4
              }
            },
            {
              "batter": "TM Dilshan",
              "bowler": "AM Phangiso",
              "non_striker": "TAM Siriwardana",
              "runs": {
                "batter": 0,
                "extras": 0,
                "total": 0
              }
            }
          ]
        },
        {
          "over": 7,
          "deliveries": [
            {
              "batter": "TAM Siriwardana",
              "bowler": "D Wiese",
              "non_striker": "TM Dilshan",
              "runs": {
                "batter": 4,
                "extras": 0,
                "total": 4
              }
            },
            {
              "batter": "TAM Siriwardana",
              "bowler": "D Wiese",
              "non_striker": "TM Dilshan",
              "runs": {
                "batter": 1,
                "extras": 0,
                "total": 1
              }
            },
            {
              "batter": "TM Dilshan",
              "bowler": "D Wiese",
              "non_striker": "TAM Siriwardana",
              "runs": {
                "batter": 0,
                "extras": 0,
                "total": 0
              }
            },
            {
              "batter": "TM Dilshan",
              "bowler": "D Wiese",
              "non_striker": "TAM Siriwardana",
              "runs": {
                "batter": 1,
                "extras": 0,
                "total": 1
              }
            },
            {
              "batter": "TAM Siriwardana",
              "bowler": "D Wiese",
              "non_striker": "TM Dilshan",
              "runs": {
                "batter": 1,
                "extras": 0,
                "total": 1
              }
            },
            {
              "batter": "TM Dilshan",
              "bowler": "D Wiese",
              "non_striker": "TAM Siriwardana",
              "runs": {
                "batter": 1,
                "extras": 0,
                "total": 1
              }
            }
          ]
        },
        {
          "over": 8,
          "deliveries": [
            {
              "batter": "TM Dilshan",
              "bowler": "Imran Tahir",
              "non_striker": "TAM Siriwardana",
              "runs": {
                "batter": 1,
                "extras": 0,
                "total": 1
              }
            },
            {
              "batter": "TAM Siriwardana",
              "bowler": "Imran Tahir",
              "extras": {
                "noballs": 1
              },
              "non_striker": "TM Dilshan",
              "runs": {
                "batter": 1,
                "extras": 1,
                "total": 2
              }
            },
            {
              "batter": "TM Dilshan",
              "bowler": "Imran Tahir",
              "non_striker": "TAM Siriwardana",
              "runs": {
                "batter": 4,
                "extras": 0,
                "total": 4
              }
            },
            {
              "batter": "TM Dilshan",
              "bowler": "Imran Tahir",
              "non_striker": "TAM Siriwardana",
              "runs": {
                "batter": 0,
                "extras": 0,
                "total": 0
              }
            },
            {
              "batter": "TM Dilshan",
              "bowler": "Imran Tahir",
              "non_striker": "TAM Siriwardana",
              "runs": {
                "batter": 1,
                "extras": 0,
                "total": 1
              }
            },
            {
              "batter": "TAM Siriwardana",
              "bowler": "Imran Tahir",
              "non_striker": "TM Dilshan",
              "runs": {
                "batter": 1,
                "extras": 0,
                "total": 1
              }
            },
            {
              "batter": "TM Dilshan",
              "bowler": "Imran Tahir",
              "non_striker": "TAM Siriwardana",
              "runs": {
                "batter": 0,
                "extras": 0,
                "total": 0
              }
            }
          ]
        },
        {
          "over": 9,
          "deliveries": [
            {
              "batter": "TAM Siriwardana",
              "bowler": "AM Phangiso",
              "non_striker": "TM Dilshan",
              "runs": {
                "batter": 4,
                "extras": 0,
                "total": 4
              }
            },
            {
              "batter": "TAM Siriwardana",
              "bowler": "AM Phangiso",
              "non_striker": "TM Dilshan",
              "runs": {
                "batter": 0,
                "extras": 0,
                "total": 0
              },
              "wickets": [
                {
                  "kind": "run out",
                  "player_out": "TAM Siriwardana",
                  "fielders": [
                    {
                      "name": "F du Plessis"
                    },
                    {
                      "name": "Q de Kock"
                    }
                  ]
                }
              ]
            },
            {
              "batter": "GSNFG Jayasuriya",
              "bowler": "AM Phangiso",
              "non_striker": "TM Dilshan",
              "runs": {
                "batter": 1,
                "extras": 0,
                "total": 1
              }
            },
            {
              "batter": "TM Dilshan",
              "bowler": "AM Phangiso",
              "non_striker": "GSNFG Jayasuriya",
              "runs": {
                "batter": 0,
                "extras": 0,
                "total": 0
              }
            },
            {
              "batter": "TM Dilshan",
              "bowler": "AM Phangiso",
              "non_striker": "GSNFG Jayasuriya",
              "runs": {
                "batter": 0,
                "extras": 0,
                "total": 0
              }
            },
            {
              "batter": "TM Dilshan",
              "bowler": "AM Phangiso",
              "non_striker": "GSNFG Jayasuriya",
              "runs": {
                "batter": 1,
                "extras": 0,
                "total": 1
              }
            }
          ]
        },
        {
          "over": 10,
          "deliveries": [
            {
              "batter": "TM Dilshan",
              "bowler": "F Behardien",
              "non_striker": "GSNFG Jayasuriya",
              "runs": {
                "batter": 1,
                "extras": 0,
                "total": 1
              }
            },
            {
              "batter": "GSNFG Jayasuriya",
              "bowler": "F Behardien",
              "non_striker": "TM Dilshan",
              "runs": {
                "batter": 0,
                "extras": 0,
                "total": 0
              }
            },
            {
              "batter": "GSNFG Jayasuriya",
              "bowler": "F Behardien",
              "non_striker": "TM Dilshan",
              "runs": {
                "batter": 0,
                "extras": 0,
                "total": 0
              },
              "wickets": [
                {
                  "kind": "caught",
                  "player_out": "GSNFG Jayasuriya",
                  "fielders": [
                    {
                      "name": "F du Plessis"
                    }
                  ]
                }
              ]
            },
            {
              "batter": "CK Kapugedera",
              "bowler": "F Behardien",
              "non_striker": "TM Dilshan",
              "runs": {
                "batter": 1,
                "extras": 0,
                "total": 1
              }
            },
            {
              "batter": "TM Dilshan",
              "bowler": "F Behardien",
              "non_striker": "CK Kapugedera",
              "runs": {
                "batter": 1,
                "extras": 0,
                "total": 1
              }
            },
            {
              "batter": "CK Kapugedera",
              "bowler": "F Behardien",
              "non_striker": "TM Dilshan",
              "runs": {
                "batter": 0,
                "extras": 0,
                "total": 0
              }
            }
          ]
        },
        {
          "over": 11,
          "deliveries": [
            {
              "batter": "TM Dilshan",
              "bowler": "AM Phangiso",
              "non_striker": "CK Kapugedera",
              "runs": {
                "batter": 0,
                "extras": 0,
                "total": 0
              }
            },
            {
              "batter": "TM Dilshan",
              "bowler": "AM Phangiso",
              "non_striker": "CK Kapugedera",
              "runs": {
                "batter": 0,
                "extras": 0,
                "total": 0
              }
            },
            {
              "batter": "TM Dilshan",
              "bowler": "AM Phangiso",
              "non_striker": "CK Kapugedera",
              "runs": {
                "batter": 0,
                "extras": 0,
                "total": 0
              }
            },
            {
              "batter": "TM Dilshan",
              "bowler": "AM Phangiso",
              "non_striker": "CK Kapugedera",
              "runs": {
                "batter": 1,
                "extras": 0,
                "total": 1
              }
            },
            {
              "batter": "CK Kapugedera",
              "bowler": "AM Phangiso",
              "non_striker": "TM Dilshan",
              "runs": {
                "batter": 1,
                "extras": 0,
                "total": 1
              }
            },
            {
              "batter": "TM Dilshan",
              "bowler": "AM Phangiso",
              "non_striker": "CK Kapugedera",
              "runs": {
                "batter": 0,
                "extras": 0,
                "total": 0
              }
            }
          ]
        },
        {
          "over": 12,
          "deliveries": [
            {
              "batter": "CK Kapugedera",
              "bowler": "F Behardien",
              "non_striker": "TM Dilshan",
              "runs": {
                "batter": 1,
                "extras": 0,
                "total": 1
              }
            },
            {
              "batter": "TM Dilshan",
              "bowler": "F Behardien",
              "non_striker": "CK Kapugedera",
              "runs": {
                "batter": 1,
                "extras": 0,
                "total": 1
              }
            },
            {
              "batter": "CK Kapugedera",
              "bowler": "F Behardien",
              "non_striker": "TM Dilshan",
              "runs": {
                "batter": 1,
                "extras": 0,
                "total": 1
              }
            },
            {
              "batter": "TM Dilshan",
              "bowler": "F Behardien",
              "non_striker": "CK Kapugedera",
              "runs": {
                "batter": 0,
                "extras": 0,
                "total": 0
              }
            },
            {
              "batter": "TM Dilshan",
              "bowler": "F Behardien",
              "non_striker": "CK Kapugedera",
              "runs": {
                "batter": 0,
                "extras": 0,
                "total": 0
              },
              "wickets": [
                {
                  "kind": "lbw",
                  "player_out": "TM Dilshan"
                }
              ]
            },
            {
              "batter": "NLTC Perera",
              "bowler": "F Behardien",
              "non_striker": "CK Kapugedera",
              "runs": {
                "batter": 0,
                "extras": 0,
                "total": 0
              }
            }
          ]
        },
        {
          "over": 13,
          "deliveries": [
            {
              "batter": "CK Kapugedera",
              "bowler": "Imran Tahir",
              "non_striker": "NLTC Perera",
              "runs": {
                "batter": 0,
                "extras": 0,
                "total": 0
              }
            },
            {
              "batter": "CK Kapugedera",
              "bowler": "Imran Tahir",
              "non_striker": "NLTC Perera",
              "runs": {
                "batter": 0,
                "extras": 0,
                "total": 0
              },
              "wickets": [
                {
                  "kind": "bowled",
                  "player_out": "CK Kapugedera"
                }
              ]
            },
            {
              "batter": "MD Shanaka",
              "bowler": "Imran Tahir",
              "non_striker": "NLTC Perera",
              "runs": {
                "batter": 1,
                "extras": 0,
                "total": 1
              }
            },
            {
              "batter": "NLTC Perera",
              "bowler": "Imran Tahir",
              "non_striker": "MD Shanaka",
              "runs": {
                "batter": 0,
                "extras": 0,
                "total": 0
              }
            },
            {
              "batter": "NLTC Perera",
              "bowler": "Imran Tahir",
              "non_striker": "MD Shanaka",
              "runs": {
                "batter": 2,
                "extras": 0,
                "total": 2
              }
            },
            {
              "batter": "NLTC Perera",
              "bowler": "Imran Tahir",
              "non_striker": "MD Shanaka",
              "runs": {
                "batter": 1,
                "extras": 0,
                "total": 1
              }
            }
          ]
        },
        {
          "over": 14,
          "deliveries": [
            {
              "batter": "NLTC Perera",
              "bowler": "DW Steyn",
              "non_striker": "MD Shanaka",
              "runs": {
                "batter": 4,
                "extras": 0,
                "total": 4
              }
            },
            {
              "batter": "NLTC Perera",
              "bowler": "DW Steyn",
              "non_striker": "MD Shanaka",
              "runs": {
                "batter": 1,
                "extras": 0,
                "total": 1
              }
            },
            {
              "batter": "MD Shanaka",
              "bowler": "DW Steyn",
              "non_striker": "NLTC Perera",
              "runs": {
                "batter": 0,
                "extras": 0,
                "total": 0
              }
            },
            {
              "batter": "MD Shanaka",
              "bowler": "DW Steyn",
              "non_striker": "NLTC Perera",
              "runs": {
                "batter": 0,
                "extras": 0,
                "total": 0
              }
            },
            {
              "batter": "MD Shanaka",
              "bowler": "DW Steyn",
              "extras": {
                "wides": 1
              },
              "non_striker": "NLTC Perera",
              "runs": {
                "batter": 0,
                "extras": 1,
                "total": 1
              }
            },
            {
              "batter": "MD Shanaka",
              "bowler": "DW Steyn",
              "non_striker": "NLTC Perera",
              "runs": {
                "batter": 1,
                "extras": 0,
                "total": 1
              }
            },
            {
              "batter": "NLTC Perera",
              "bowler": "DW Steyn",
              "non_striker": "MD Shanaka",
              "runs": {
                "batter": 0,
                "extras": 0,
                "total": 0
              },
              "wickets": [
                {
                  "kind": "caught",
                  "player_out": "NLTC Perera",
                  "fielders": [
                    {
                      "name": "F Behardien"
                    }
                  ]
                }
              ]
            }
          ]
        },
        {
          "over": 15,
          "deliveries": [
            {
              "batter": "MD Shanaka",
              "bowler": "Imran Tahir",
              "non_striker": "HMRKB Herath",
              "runs": {
                "batter": 1,
                "extras": 0,
                "total": 1
              }
            },
            {
              "batter": "HMRKB Herath",
              "bowler": "Imran Tahir",
              "non_striker": "MD Shanaka",
              "runs": {
                "batter": 0,
                "extras": 0,
                "total": 0
              }
            },
            {
              "batter": "HMRKB Herath",
              "bowler": "Imran Tahir",
              "non_striker": "MD Shanaka",
              "runs": {
                "batter": 1,
                "extras": 0,
                "total": 1
              }
            },
            {
              "batter": "MD Shanaka",
              "bowler": "Imran Tahir",
              "non_striker": "HMRKB Herath",
              "runs": {
                "batter": 0,
                "extras": 0,
                "total": 0
              }
            },
            {
              "batter": "MD Shanaka",
              "bowler": "Imran Tahir",
              "non_striker": "HMRKB Herath",
              "runs": {
                "batter": 1,
                "extras": 0,
                "total": 1
              }
            },
            {
              "batter": "HMRKB Herath",
              "bowler": "Imran Tahir",
              "non_striker": "MD Shanaka",
              "runs": {
                "batter": 0,
                "extras": 0,
                "total": 0
              }
            }
          ]
        },
        {
          "over": 16,
          "deliveries": [
            {
              "batter": "MD Shanaka",
              "bowler": "F Behardien",
              "non_striker": "HMRKB Herath",
              "runs": {
                "batter": 0,
                "extras": 0,
                "total": 0
              }
            },
            {
              "batter": "MD Shanaka",
              "bowler": "F Behardien",
              "non_striker": "HMRKB Herath",
              "runs": {
                "batter": 6,
                "extras": 0,
                "total": 6
              }
            },
            {
              "batter": "MD Shanaka",
              "bowler": "F Behardien",
              "non_striker": "HMRKB Herath",
              "runs": {
                "batter": 1,
                "extras": 0,
                "total": 1
              }
            },
            {
              "batter": "HMRKB Herath",
              "bowler": "F Behardien",
              "non_striker": "MD Shanaka",
              "runs": {
                "batter": 1,
                "extras": 0,
                "total": 1
              }
            },
            {
              "batter": "MD Shanaka",
              "bowler": "F Behardien",
              "non_striker": "HMRKB Herath",
              "runs": {
                "batter": 0,
                "extras": 0,
                "total": 0
              }
            },
            {
              "batter": "MD Shanaka",
              "bowler": "F Behardien",
              "non_striker": "HMRKB Herath",
              "runs": {
                "batter": 1,
                "extras": 0,
                "total": 1
              }
            }
          ]
        },
        {
          "over": 17,
          "deliveries": [
            {
              "batter": "MD Shanaka",
              "bowler": "KJ Abbott",
              "non_striker": "HMRKB Herath",
              "runs": {
                "batter": 1,
                "extras": 0,
                "total": 1
              }
            },
            {
              "batter": "HMRKB Herath",
              "bowler": "KJ Abbott",
              "non_striker": "MD Shanaka",
              "runs": {
                "batter": 0,
                "extras": 0,
                "total": 0
              },
              "wickets": [
                {
                  "kind": "caught",
                  "player_out": "HMRKB Herath",
                  "fielders": [
                    {
                      "name": "Q de Kock"
                    }
                  ]
                }
              ]
            },
            {
              "batter": "JDF Vandersay",
              "bowler": "KJ Abbott",
              "non_striker": "MD Shanaka",
              "runs": {
                "batter": 0,
                "extras": 0,
                "total": 0
              }
            },
            {
              "batter": "JDF Vandersay",
              "bowler": "KJ Abbott",
              "non_striker": "MD Shanaka",
              "runs": {
                "batter": 1,
                "extras": 0,
                "total": 1
              }
            },
            {
              "batter": "MD Shanaka",
              "bowler": "KJ Abbott",
              "extras": {
                "wides": 1
              },
              "non_striker": "JDF Vandersay",
              "runs": {
                "batter": 0,
                "extras": 1,
                "total": 1
              }
            },
            {
              "batter": "MD Shanaka",
              "bowler": "KJ Abbott",
              "non_striker": "JDF Vandersay",
              "runs": {
                "batter": 1,
                "extras": 0,
                "total": 1
              }
            },
            {
              "batter": "JDF Vandersay",
              "bowler": "KJ Abbott",
              "non_striker": "MD Shanaka",
              "runs": {
                "batter": 1,
                "extras": 0,
                "total": 1
              }
            }
          ]
        },
        {
          "over": 18,
          "deliveries": [
            {
              "batter": "JDF Vandersay",
              "bowler": "DW Steyn",
              "non_striker": "MD Shanaka",
              "runs": {
                "batter": 0,
                "extras": 0,
                "total": 0
              }
            },
            {
              "batter": "JDF Vandersay",
              "bowler": "DW Steyn",
              "non_striker": "MD Shanaka",
              "runs": {
                "batter": 1,
                "extras": 0,
                "total": 1
              }
            },
            {
              "batter": "MD Shanaka",
              "bowler": "DW Steyn",
              "non_striker": "JDF Vandersay",
              "runs": {
                "batter": 4,
                "extras": 0,
                "total": 4
              }
            },
            {
              "batter": "MD Shanaka",
              "bowler": "DW Steyn",
              "non_striker": "JDF Vandersay",
              "runs": {
                "batter": 0,
                "extras": 0,
                "total": 0
              }
            },
            {
              "batter": "MD Shanaka",
              "bowler": "DW Steyn",
              "non_striker": "JDF Vandersay",
              "runs": {
                "batter": 1,
                "extras": 0,
                "total": 1
              }
            },
            {
              "batter": "JDF Vandersay",
              "bowler": "DW Steyn",
              "non_striker": "MD Shanaka",
              "runs": {
                "batter": 0,
                "extras": 0,
                "total": 0
              }
            }
          ]
        },
        {
          "over": 19,
          "deliveries": [
            {
              "batter": "MD Shanaka",
              "bowler": "KJ Abbott",
              "non_striker": "JDF Vandersay",
              "runs": {
                "batter": 1,
                "extras": 0,
                "total": 1
              }
            },
            {
              "batter": "JDF Vandersay",
              "bowler": "KJ Abbott",
              "non_striker": "MD Shanaka",
              "runs": {
                "batter": 0,
                "extras": 0,
                "total": 0
              },
              "wickets": [
                {
                  "kind": "bowled",
                  "player_out": "JDF Vandersay"
                }
              ]
            },
            {
              "batter": "RAS Lakmal",
              "bowler": "KJ Abbott",
              "non_striker": "MD Shanaka",
              "runs": {
                "batter": 0,
                "extras": 0,
                "total": 0
              },
              "wickets": [
                {
                  "kind": "run out",
                  "player_out": "RAS Lakmal",
                  "fielders": [
                    {
                      "name": "D Wiese"
                    }
                  ]
                }
              ]
            }
          ]
        }
      ],
      "powerplays": [
        {
          "from": 0.1,
          "to": 5.6,
          "type": "mandatory"
        }
      ]
    },
    {
      "team": "South Africa",
      "overs": [
        {
          "over": 0,
          "deliveries": [
            {
              "batter": "HM Amla",
              "bowler": "GSNFG Jayasuriya",
              "non_striker": "Q de Kock",
              "runs": {
                "batter": 1,
                "extras": 0,
                "total": 1
              }
            },
            {
              "batter": "Q de Kock",
              "bowler": "GSNFG Jayasuriya",
              "non_striker": "HM Amla",
              "runs": {
                "batter": 4,
                "extras": 0,
                "total": 4
              }
            },
            {
              "batter": "Q de Kock",
              "bowler": "GSNFG Jayasuriya",
              "non_striker": "HM Amla",
              "runs": {
                "batter": 4,
                "extras": 0,
                "total": 4
              }
            },
            {
              "batter": "Q de Kock",
              "bowler": "GSNFG Jayasuriya",
              "non_striker": "HM Amla",
              "runs": {
                "batter": 0,
                "extras": 0,
                "total": 0
              }
            },
            {
              "batter": "Q de Kock",
              "bowler": "GSNFG Jayasuriya",
              "non_striker": "HM Amla",
              "runs": {
                "batter": 0,
                "extras": 0,
                "total": 0
              }
            },
            {
              "batter": "Q de Kock",
              "bowler": "GSNFG Jayasuriya",
              "non_striker": "HM Amla",
              "runs": {
                "batter": 0,
                "extras": 0,
                "total": 0
              }
            }
          ]
        },
        {
          "over": 1,
          "deliveries": [
            {
              "batter": "HM Amla",
              "bowler": "RAS Lakmal",
              "non_striker": "Q de Kock",
              "runs": {
                "batter": 1,
                "extras": 0,
                "total": 1
              }
            },
            {
              "batter": "Q de Kock",
              "bowler": "RAS Lakmal",
              "non_striker": "HM Amla",
              "runs": {
                "batter": 1,
                "extras": 0,
                "total": 1
              }
            },
            {
              "batter": "HM Amla",
              "bowler": "RAS Lakmal",
              "non_striker": "Q de Kock",
              "runs": {
                "batter": 4,
                "extras": 0,
                "total": 4
              }
            },
            {
              "batter": "HM Amla",
              "bowler": "RAS Lakmal",
              "non_striker": "Q de Kock",
              "runs": {
                "batter": 0,
                "extras": 0,
                "total": 0
              }
            },
            {
              "batter": "HM Amla",
              "bowler": "RAS Lakmal",
              "non_striker": "Q de Kock",
              "runs": {
                "batter": 0,
                "extras": 0,
                "total": 0
              },
              "wickets": [
                {
                  "kind": "run out",
                  "player_out": "Q de Kock",
                  "fielders": [
                    {
                      "name": "TM Dilshan"
                    }
                  ]
                }
              ]
            },
            {
              "batter": "HM Amla",
              "bowler": "RAS Lakmal",
              "non_striker": "F du Plessis",
              "runs": {
                "batter": 0,
                "extras": 0,
                "total": 0
              }
            }
          ]
        },
        {
          "over": 2,
          "deliveries": [
            {
              "batter": "F du Plessis",
              "bowler": "HMRKB Herath",
              "non_striker": "HM Amla",
              "runs": {
                "batter": 1,
                "extras": 0,
                "total": 1
              }
            },
            {
              "batter": "HM Amla",
              "bowler": "HMRKB Herath",
              "non_striker": "F du Plessis",
              "runs": {
                "batter": 0,
                "extras": 0,
                "total": 0
              }
            },
            {
              "batter": "HM Amla",
              "bowler": "HMRKB Herath",
              "non_striker": "F du Plessis",
              "runs": {
                "batter": 0,
                "extras": 0,
                "total": 0
              }
            },
            {
              "batter": "HM Amla",
              "bowler": "HMRKB Herath",
              "non_striker": "F du Plessis",
              "runs": {
                "batter": 0,
                "extras": 0,
                "total": 0
              }
            },
            {
              "batter": "HM Amla",
              "bowler": "HMRKB Herath",
              "non_striker": "F du Plessis",
              "runs": {
                "batter": 0,
                "extras": 0,
                "total": 0
              }
            },
            {
              "batter": "HM Amla",
              "bowler": "HMRKB Herath",
              "non_striker": "F du Plessis",
              "runs": {
                "batter": 0,
                "extras": 0,
                "total": 0
              }
            }
          ]
        },
        {
          "over": 3,
          "deliveries": [
            {
              "batter": "F du Plessis",
              "bowler": "RAS Lakmal",
              "non_striker": "HM Amla",
              "runs": {
                "batter": 1,
                "extras": 0,
                "total": 1
              }
            },
            {
              "batter": "HM Amla",
              "bowler": "RAS Lakmal",
              "non_striker": "F du Plessis",
              "runs": {
                "batter": 1,
                "extras": 0,
                "total": 1
              }
            },
            {
              "batter": "F du Plessis",
              "bowler": "RAS Lakmal",
              "non_striker": "HM Amla",
              "runs": {
                "batter": 1,
                "extras": 0,
                "total": 1
              }
            },
            {
              "batter": "HM Amla",
              "bowler": "RAS Lakmal",
              "non_striker": "F du Plessis",
              "runs": {
                "batter": 4,
                "extras": 0,
                "total": 4
              }
            },
            {
              "batter": "HM Amla",
              "bowler": "RAS Lakmal",
              "non_striker": "F du Plessis",
              "runs": {
                "batter": 0,
                "extras": 0,
                "total": 0
              }
            },
            {
              "batter": "HM Amla",
              "bowler": "RAS Lakmal",
              "non_striker": "F du Plessis",
              "runs": {
                "batter": 1,
                "extras": 0,
                "total": 1
              }
            }
          ]
        },
        {
          "over": 4,
          "deliveries": [
            {
              "batter": "HM Amla",
              "bowler": "HMRKB Herath",
              "non_striker": "F du Plessis",
              "runs": {
                "batter": 1,
                "extras": 0,
                "total": 1
              }
            },
            {
              "batter": "F du Plessis",
              "bowler": "HMRKB Herath",
              "non_striker": "HM Amla",
              "runs": {
                "batter": 0,
                "extras": 0,
                "total": 0
              }
            },
            {
              "batter": "F du Plessis",
              "bowler": "HMRKB Herath",
              "non_striker": "HM Amla",
              "runs": {
                "batter": 1,
                "extras": 0,
                "total": 1
              }
            },
            {
              "batter": "HM Amla",
              "bowler": "HMRKB Herath",
              "non_striker": "F du Plessis",
              "runs": {
                "batter": 4,
                "extras": 0,
                "total": 4
              }
            },
            {
              "batter": "HM Amla",
              "bowler": "HMRKB Herath",
              "non_striker": "F du Plessis",
              "runs": {
                "batter": 2,
                "extras": 0,
                "total": 2
              }
            },
            {
              "batter": "HM Amla",
              "bowler": "HMRKB Herath",
              "non_striker": "F du Plessis",
              "runs": {
                "batter": 0,
                "extras": 0,
                "total": 0
              }
            }
          ]
        },
        {
          "over": 5,
          "deliveries": [
            {
              "batter": "F du Plessis",
              "bowler": "JDF Vandersay",
              "non_striker": "HM Amla",
              "runs": {
                "batter": 0,
                "extras": 0,
                "total": 0
              }
            },
            {
              "batter": "F du Plessis",
              "bowler": "JDF Vandersay",
              "non_striker": "HM Amla",
              "runs": {
                "batter": 0,
                "extras": 0,
                "total": 0
              }
            },
            {
              "batter": "F du Plessis",
              "bowler": "JDF Vandersay",
              "non_striker": "HM Amla",
              "runs": {
                "batter": 1,
                "extras": 0,
                "total": 1
              }
            },
            {
              "batter": "HM Amla",
              "bowler": "JDF Vandersay",
              "non_striker": "F du Plessis",
              "runs": {
                "batter": 1,
                "extras": 0,
                "total": 1
              }
            },
            {
              "batter": "F du Plessis",
              "bowler": "JDF Vandersay",
              "non_striker": "HM Amla",
              "runs": {
                "batter": 0,
                "extras": 0,
                "total": 0
              }
            },
            {
              "batter": "F du Plessis",
              "bowler": "JDF Vandersay",
              "non_striker": "HM Amla",
              "runs": {
                "batter": 0,
                "extras": 0,
                "total": 0
              }
            }
          ]
        },
        {
          "over": 6,
          "deliveries": [
            {
              "batter": "HM Amla",
              "bowler": "MD Shanaka",
              "non_striker": "F du Plessis",
              "runs": {
                "batter": 0,
                "extras": 0,
                "total": 0
              }
            },
            {
              "batter": "HM Amla",
              "bowler": "MD Shanaka",
              "non_striker": "F du Plessis",
              "runs": {
                "batter": 1,
                "extras": 0,
                "total": 1
              }
            },
            {
              "batter": "F du Plessis",
              "bowler": "MD Shanaka",
              "extras": {
                "wides": 1
              },
              "non_striker": "HM Amla",
              "runs": {
                "batter": 0,
                "extras": 1,
                "total": 1
              }
            },
            {
              "batter": "F du Plessis",
              "bowler": "MD Shanaka",
              "non_striker": "HM Amla",
              "runs": {
                "batter": 0,
                "extras": 0,
                "total": 0
              }
            },
            {
              "batter": "F du Plessis",
              "bowler": "MD Shanaka",
              "non_striker": "HM Amla",
              "runs": {
                "batter": 1,
                "extras": 0,
                "total": 1
              }
            },
            {
              "batter": "HM Amla",
              "bowler": "MD Shanaka",
              "non_striker": "F du Plessis",
              "runs": {
                "batter": 0,
                "extras": 0,
                "total": 0
              }
            },
            {
              "batter": "HM Amla",
              "bowler": "MD Shanaka",
              "non_striker": "F du Plessis",
              "runs": {
                "batter": 1,
                "extras": 0,
                "total": 1
              }
            }
          ]
        },
        {
          "over": 7,
          "deliveries": [
            {
              "batter": "HM Amla",
              "bowler": "JDF Vandersay",
              "non_striker": "F du Plessis",
              "runs": {
                "batter": 0,
                "extras": 0,
                "total": 0
              }
            },
            {
              "batter": "HM Amla",
              "bowler": "JDF Vandersay",
              "non_striker": "F du Plessis",
              "runs": {
                "batter": 1,
                "extras": 0,
                "total": 1
              }
            },
            {
              "batter": "F du Plessis",
              "bowler": "JDF Vandersay",
              "non_striker": "HM Amla",
              "runs": {
                "batter": 1,
                "extras": 0,
                "total": 1
              }
            },
            {
              "batter": "HM Amla",
              "bowler": "JDF Vandersay",
              "non_striker": "F du Plessis",
              "runs": {
                "batter": 2,
                "extras": 0,
                "total": 2
              }
            },
            {
              "batter": "HM Amla",
              "bowler": "JDF Vandersay",
              "non_striker": "F du Plessis",
              "runs": {
                "batter": 0,
                "extras": 0,
                "total": 0
              }
            },
            {
              "batter": "HM Amla",
              "bowler": "JDF Vandersay",
              "non_striker": "F du Plessis",
              "runs": {
                "batter": 0,
                "extras": 0,
                "total": 0
              }
            }
          ]
        },
        {
          "over": 8,
          "deliveries": [
            {
              "batter": "F du Plessis",
              "bowler": "HMRKB Herath",
              "non_striker": "HM Amla",
              "runs": {
                "batter": 1,
                "extras": 0,
                "total": 1
              }
            },
            {
              "batter": "HM Amla",
              "bowler": "HMRKB Herath",
              "non_striker": "F du Plessis",
              "runs": {
                "batter": 1,
                "extras": 0,
                "total": 1
              }
            },
            {
              "batter": "F du Plessis",
              "bowler": "HMRKB Herath",
              "non_striker": "HM Amla",
              "runs": {
                "batter": 0,
                "extras": 0,
                "total": 0
              }
            },
            {
              "batter": "F du Plessis",
              "bowler": "HMRKB Herath",
              "non_striker": "HM Amla",
              "runs": {
                "batter": 4,
                "extras": 0,
                "total": 4
              }
            },
            {
              "batter": "F du Plessis",
              "bowler": "HMRKB Herath",
              "non_striker": "HM Amla",
              "runs": {
                "batter": 0,
                "extras": 0,
                "total": 0
              }
            },
            {
              "batter": "F du Plessis",
              "bowler": "HMRKB Herath",
              "non_striker": "HM Amla",
              "runs": {
                "batter": 1,
                "extras": 0,
                "total": 1
              }
            }
          ]
        },
        {
          "over": 9,
          "deliveries": [
            {
              "batter": "F du Plessis",
              "bowler": "JDF Vandersay",
              "non_striker": "HM Amla",
              "runs": {
                "batter": 0,
                "extras": 0,
                "total": 0
              }
            },
            {
              "batter": "F du Plessis",
              "bowler": "JDF Vandersay",
              "non_striker": "HM Amla",
              "runs": {
                "batter": 1,
                "extras": 0,
                "total": 1
              }
            },
            {
              "batter": "HM Amla",
              "bowler": "JDF Vandersay",
              "non_striker": "F du Plessis",
              "runs": {
                "batter": 1,
                "extras": 0,
                "total": 1
              }
            },
            {
              "batter": "F du Plessis",
              "bowler": "JDF Vandersay",
              "non_striker": "HM Amla",
              "runs": {
                "batter": 4,
                "extras": 0,
                "total": 4
              }
            },
            {
              "batter": "F du Plessis",
              "bowler": "JDF Vandersay",
              "non_striker": "HM Amla",
              "runs": {
                "batter": 4,
                "extras": 0,
                "total": 4
              }
            },
            {
              "batter": "F du Plessis",
              "bowler": "JDF Vandersay",
              "non_striker": "HM Amla",
              "runs": {
                "batter": 0,
                "extras": 0,
                "total": 0
              }
            }
          ]
        },
        {
          "over": 10,
          "deliveries": [
            {
              "batter": "HM Amla",
              "bowler": "NLTC Perera",
              "non_striker": "F du Plessis",
              "runs": {
                "batter": 1,
                "extras": 0,
                "total": 1
              }
            },
            {
              "batter": "F du Plessis",
              "bowler": "NLTC Perera",
              "non_striker": "HM Amla",
              "runs": {
                "batter": 1,
                "extras": 0,
                "total": 1
              }
            },
            {
              "batter": "HM Amla",
              "bowler": "NLTC Perera",
              "non_striker": "F du Plessis",
              "runs": {
                "batter": 1,
                "extras": 0,
                "total": 1
              }
            },
            {
              "batter": "F du Plessis",
              "bowler": "NLTC Perera",
              "non_striker": "HM Amla",
              "runs": {
                "batter": 0,
                "extras": 0,
                "total": 0
              }
            },
            {
              "batter": "F du Plessis",
              "bowler": "NLTC Perera",
              "non_striker": "HM Amla",
              "runs": {
                "batter": 2,
                "extras": 0,
                "total": 2
              }
            },
            {
              "batter": "F du Plessis",
              "bowler": "NLTC Perera",
              "extras": {
                "legbyes": 1
              },
              "non_striker": "HM Amla",
              "runs": {
                "batter": 0,
                "extras": 1,
                "total": 1
              }
            }
          ]
        },
        {
          "over": 11,
          "deliveries": [
            {
              "batter": "F du Plessis",
              "bowler": "HMRKB Herath",
              "non_striker": "HM Amla",
              "runs": {
                "batter": 1,
                "extras": 0,
                "total": 1
              }
            },
            {
              "batter": "HM Amla",
              "bowler": "HMRKB Herath",
              "non_striker": "F du Plessis",
              "runs": {
                "batter": 1,
                "extras": 0,
                "total": 1
              }
            },
            {
              "batter": "F du Plessis",
              "bowler": "HMRKB Herath",
              "non_striker": "HM Amla",
              "runs": {
                "batter": 0,
                "extras": 0,
                "total": 0
              }
            },
            {
              "batter": "F du Plessis",
              "bowler": "HMRKB Herath",
              "non_striker": "HM Amla",
              "runs": {
                "batter": 1,
                "extras": 0,
                "total": 1
              }
            },
            {
              "batter": "HM Amla",
              "bowler": "HMRKB Herath",
              "non_striker": "F du Plessis",
              "runs": {
                "batter": 1,
                "extras": 0,
                "total": 1
              }
            },
            {
              "batter": "F du Plessis",
              "bowler": "HMRKB Herath",
              "non_striker": "HM Amla",
              "runs": {
                "batter": 1,
                "extras": 0,
                "total": 1
              }
            }
          ]
        },
        {
          "over": 12,
          "deliveries": [
            {
              "batter": "F du Plessis",
              "bowler": "RAS Lakmal",
              "non_striker": "HM Amla",
              "runs": {
                "batter": 1,
                "extras": 0,
                "total": 1
              }
            },
            {
              "batter": "HM Amla",
              "bowler": "RAS Lakmal",
              "non_striker": "F du Plessis",
              "runs": {
                "batter": 1,
                "extras": 0,
                "total": 1
              }
            },
            {
              "batter": "F du Plessis",
              "bowler": "RAS Lakmal",
              "extras": {
                "wides": 1
              },
              "non_striker": "HM Amla",
              "runs": {
                "batter": 0,
                "extras": 1,
                "total": 1
              }
            },
            {
              "batter": "F du Plessis",
              "bowler": "RAS Lakmal",
              "non_striker": "HM Amla",
              "runs": {
                "batter": 0,
                "extras": 0,
                "total": 0
              }
            },
            {
              "batter": "F du Plessis",
              "bowler": "RAS Lakmal",
              "non_striker": "HM Amla",
              "runs": {
                "batter": 2,
                "extras": 0,
                "total": 2
              }
            },
            {
              "batter": "F du Plessis",
              "bowler": "RAS Lakmal",
              "non_striker": "HM Amla",
              "runs": {
                "batter": 0,
                "extras": 0,
                "total": 0
              }
            },
            {
              "batter": "F du Plessis",
              "bowler": "RAS Lakmal",
              "non_striker": "HM Amla",
              "runs": {
                "batter": 0,
                "extras": 0,
                "total": 0
              },
              "wickets": [
                {
                  "kind": "lbw",
                  "player_out": "F du Plessis"
                }
              ]
            }
          ]
        },
        {
          "over": 13,
          "deliveries": [
            {
              "batter": "HM Amla",
              "bowler": "TAM Siriwardana",
              "non_striker": "AB de Villiers",
              "runs": {
                "batter": 1,
                "extras": 0,
                "total": 1
              }
            },
            {
              "batter": "AB de Villiers",
              "bowler": "TAM Siriwardana",
              "non_striker": "HM Amla",
              "runs": {
                "batter": 1,
                "extras": 0,
                "total": 1
              }
            },
            {
              "batter": "HM Amla",
              "bowler": "TAM Siriwardana",
              "non_striker": "AB de Villiers",
              "runs": {
                "batter": 1,
                "extras": 0,
                "total": 1
              }
            },
            {
              "batter": "AB de Villiers",
              "bowler": "TAM Siriwardana",
              "non_striker": "HM Amla",
              "runs": {
                "batter": 1,
                "extras": 0,
                "total": 1
              }
            },
            {
              "batter": "HM Amla",
              "bowler": "TAM Siriwardana",
              "non_striker": "AB de Villiers",
              "runs": {
                "batter": 1,
                "extras": 0,
                "total": 1
              }
            },
            {
              "batter": "AB de Villiers",
              "bowler": "TAM Siriwardana",
              "non_striker": "HM Amla",
              "runs": {
                "batter": 0,
                "extras": 0,
                "total": 0
              }
            }
          ]
        },
        {
          "over": 14,
          "deliveries": [
            {
              "batter": "HM Amla",
              "bowler": "JDF Vandersay",
              "non_striker": "AB de Villiers",
              "runs": {
                "batter": 1,
                "extras": 0,
                "total": 1
              }
            },
            {
              "batter": "AB de Villiers",
              "bowler": "JDF Vandersay",
              "non_striker": "HM Amla",
              "runs": {
                "batter": 1,
                "extras": 0,
                "total": 1
              }
            },
            {
              "batter": "HM Amla",
              "bowler": "JDF Vandersay",
              "non_striker": "AB de Villiers",
              "runs": {
                "batter": 1,
                "extras": 0,
                "total": 1
              }
            },
            {
              "batter": "AB de Villiers",
              "bowler": "JDF Vandersay",
              "non_striker": "HM Amla",
              "runs": {
                "batter": 1,
                "extras": 0,
                "total": 1
              }
            },
            {
              "batter": "HM Amla",
              "bowler": "JDF Vandersay",
              "non_striker": "AB de Villiers",
              "runs": {
                "batter": 4,
                "extras": 0,
                "total": 4
              }
            },
            {
              "batter": "HM Amla",
              "bowler": "JDF Vandersay",
              "non_striker": "AB de Villiers",
              "runs": {
                "batter": 1,
                "extras": 0,
                "total": 1
              }
            }
          ]
        },
        {
          "over": 15,
          "deliveries": [
            {
              "batter": "HM Amla",
              "bowler": "NLTC Perera",
              "non_striker": "AB de Villiers",
              "runs": {
                "batter": 0,
                "extras": 0,
                "total": 0
              }
            },
            {
              "batter": "HM Amla",
              "bowler": "NLTC Perera",
              "non_striker": "AB de Villiers",
              "runs": {
                "batter": 1,
                "extras": 0,
                "total": 1
              }
            },
            {
              "batter": "AB de Villiers",
              "bowler": "NLTC Perera",
              "non_striker": "HM Amla",
              "runs": {
                "batter": 1,
                "extras": 0,
                "total": 1
              }
            },
            {
              "batter": "HM Amla",
              "bowler": "NLTC Perera",
              "non_striker": "AB de Villiers",
              "runs": {
                "batter": 6,
                "extras": 0,
                "total": 6
              }
            },
            {
              "batter": "HM Amla",
              "bowler": "NLTC Perera",
              "non_striker": "AB de Villiers",
              "runs": {
                "batter": 1,
                "extras": 0,
                "total": 1
              }
            },
            {
              "batter": "AB de Villiers",
              "bowler": "NLTC Perera",
              "non_striker": "HM Amla",
              "runs": {
                "batter": 1,
                "extras": 0,
                "total": 1
              }
            }
          ]
        },
        {
          "over": 16,
          "deliveries": [
            {
              "batter": "AB de Villiers",
              "bowler": "MD Shanaka",
              "non_striker": "HM Amla",
              "runs": {
                "batter": 1,
                "extras": 0,
                "total": 1
              }
            },
            {
              "batter": "HM Amla",
              "bowler": "MD Shanaka",
              "non_striker": "AB de Villiers",
              "runs": {
                "batter": 1,
                "extras": 0,
                "total": 1
              }
            },
            {
              "batter": "AB de Villiers",
              "bowler": "MD Shanaka",
              "non_striker": "HM Amla",
              "runs": {
                "batter": 6,
                "extras": 0,
                "total": 6
              }
            },
            {
              "batter": "AB de Villiers",
              "bowler": "MD Shanaka",
              "non_striker": "HM Amla",
              "runs": {
                "batter": 1,
                "extras": 0,
                "total": 1
              }
            },
            {
              "batter": "HM Amla",
              "bowler": "MD Shanaka",
              "non_striker": "AB de Villiers",
              "runs": {
                "batter": 4,
                "extras": 0,
                "total": 4
              }
            },
            {
              "batter": "HM Amla",
              "bowler": "MD Shanaka",
              "non_striker": "AB de Villiers",
              "runs": {
                "batter": 0,
                "extras": 0,
                "total": 0
              }
            }
          ]
        },
        {
          "over": 17,
          "deliveries": [
            {
              "batter": "AB de Villiers",
              "bowler": "RAS Lakmal",
              "extras": {
                "wides": 1
              },
              "non_striker": "HM Amla",
              "runs": {
                "batter": 0,
                "extras": 1,
                "total": 1
              }
            },
            {
              "batter": "AB de Villiers",
              "bowler": "RAS Lakmal",
              "extras": {
                "wides": 1
              },
              "non_striker": "HM Amla",
              "runs": {
                "batter": 0,
                "extras": 1,
                "total": 1
              }
            },
            {
              "batter": "AB de Villiers",
              "bowler": "RAS Lakmal",
              "extras": {
                "legbyes": 1
              },
              "non_striker": "HM Amla",
              "runs": {
                "batter": 0,
                "extras": 1,
                "total": 1
              }
            },
            {
              "batter": "HM Amla",
              "bowler": "RAS Lakmal",
              "non_striker": "AB de Villiers",
              "runs": {
                "batter": 0,
                "extras": 0,
                "total": 0
              }
            },
            {
              "batter": "HM Amla",
              "bowler": "RAS Lakmal",
              "non_striker": "AB de Villiers",
              "runs": {
                "batter": 1,
                "extras": 0,
                "total": 1
              }
            },
            {
              "batter": "AB de Villiers",
              "bowler": "RAS Lakmal",
              "non_striker": "HM Amla",
              "runs": {
                "batter": 6,
                "extras": 0,
                "total": 6
              }
            }
          ]
        }
      ],
      "powerplays": [
        {
          "from": 0.1,
          "to": 5.6,
          "type": "mandatory"
        }
      ],
      "target": {
        "overs": 20,
        "runs": 121
      }
    }
  ]
}